Bin_Center,Bin_edge,Image_1,Image_2,Image_3,Image_4,Image_5,Image_6
1002.5,1000,0,0,0,0,0,0
1007.5,1005,0,0,0,0,0,0
1012.5,1010,0,0,0,0,0,0
1017.5,1015,0,0,0,0,0,0
1022.5,1020,0,0,0,0,0,0
1027.5,1025,0,1,0,0,0,0
1032.5,1030,0,0,0,0,0,0
1037.5,1035,0,0,0,0,0,0
1042.5,1040,0,0,0,0,0,0
1047.5,1045,1,0,0,0,0,0
1052.5,1050,0,0,0,0,0,0
1057.5,1055,2,0,0,0,0,0
1062.5,1060,1,0,0,0,0,0
1067.5,1065,1,0,0,0,0,0
1072.5,1070,5,0,0,0,0,0
1077.5,1075,4,2,1,0,0,0
1082.5,1080,5,0,1,0,0,0
1087.5,1085,5,0,1,0,0,0
1092.5,1090,3,8,2,1,0,0
1097.5,1095,9,1,0,0,0,0
1102.5,1100,16,0,2,0,1,0
1107.5,1105,16,4,1,0,0,0
1112.5,1110,28,4,1,1,1,0
1117.5,1115,34,13,3,1,0,0
1122.5,1120,65,11,6,0,0,0
1127.5,1125,131,21,8,1,0,0
1132.5,1130,329,26,2,1,0,0
1137.5,1135,760,59,13,2,0,0
1142.5,1140,1938,93,13,3,0,0
1147.5,1145,4395,174,13,2,0,0
1152.5,1150,8691,429,31,5,0,0
1157.5,1155,14610,1111,55,2,1,0
1162.5,1160,21412,2465,80,10,3,0
1167.5,1165,27092,5366,145,12,0,0
1172.5,1170,28977,10121,391,17,0,0
1177.5,1175,27659,16340,938,36,1,0
1182.5,1180,22746,22718,2020,42,3,0
1187.5,1185,16927,27978,4351,62,3,1
1192.5,1190,12030,28952,8356,117,1,0
1197.5,1195,8598,26195,14324,221,0,0
1202.5,1200,6899,20428,20684,495,7,0
1207.5,1205,6479,13971,26085,1113,11,1
1212.5,1210,6815,8514,28260,2477,14,0
1217.5,1215,7529,4769,26998,4940,9,0
1222.5,1220,8218,2628,22139,8495,18,0
1227.5,1225,8739,1632,15707,13671,46,0
1232.5,1230,8733,1328,9952,18629,76,0
1237.5,1235,8881,1322,5722,23545,145,0
1242.5,1240,8519,1560,3063,25725,341,0
1247.5,1245,8013,1811,1530,24978,657,2
1252.5,1250,7541,2205,774,21525,1339,0
1257.5,1255,6643,2749,516,16533,2628,1
1262.5,1260,6040,3134,382,11517,4761,1
1267.5,1265,5137,3442,352,7322,7960,1
1272.5,1270,4393,3825,340,4162,11693,8
1277.5,1275,3695,3981,309,2417,15771,8
1282.5,1280,2840,4341,361,1349,19352,8
1287.5,1285,2309,4617,365,760,21427,9
1292.5,1290,1776,4580,375,467,21836,16
1297.5,1295,1417,4638,410,354,20008,43
1302.5,1300,1084,4833,417,265,17018,63
1307.5,1305,880,4953,523,213,13604,107
1312.5,1310,678,5170,646,197,10176,229
1317.5,1315,642,5182,729,199,6884,476
1322.5,1320,558,5096,842,158,4873,924
1327.5,1325,531,5049,973,162,3144,1655
1332.5,1330,526,4759,1063,120,2068,2893
1337.5,1335,506,4505,1157,136,1333,4507
1342.5,1340,479,4362,1234,149,900,6679
1347.5,1345,436,3941,1462,147,673,9466
1352.5,1350,409,3647,1545,136,464,11953
1357.5,1355,413,3276,1703,133,381,14304
1362.5,1360,333,3237,1805,144,265,15974
1367.5,1365,391,2887,1919,131,241,16850
1372.5,1370,289,2681,2043,144,221,16349
1377.5,1375,340,2483,2133,152,183,15437
1382.5,1380,308,2232,2140,159,161,13790
1387.5,1385,295,2172,2351,153,180,11669
1392.5,1390,248,1927,2253,149,132,9843
1397.5,1395,219,1649,2250,160,120,7796
1402.5,1400,200,1475,2266,167,113,6293
1407.5,1405,169,1208,2258,168,105,4891
1412.5,1410,147,1026,2324,193,111,3808
1417.5,1415,106,830,2320,212,101,2870
1422.5,1420,70,712,2320,198,82,2263
1427.5,1425,63,599,2487,247,91,1734
1432.5,1430,44,485,2526,232,100,1296
1437.5,1435,29,426,2536,241,82,1024
1442.5,1440,30,393,2510,293,70,808
1447.5,1445,15,401,2672,325,87,633
1452.5,1450,18,323,2678,315,66,533
1457.5,1455,19,293,2801,367,68,416
1462.5,1460,17,322,2795,373,80,376
1467.5,1465,11,304,2818,425,73,298
1472.5,1470,16,268,2822,486,62,269
1477.5,1475,10,305,2793,484,62,246
1482.5,1480,8,303,2670,573,69,200
1487.5,1485,9,284,2621,586,84,212
1492.5,1490,5,265,2574,591,66,175
1497.5,1495,9,259,2372,643,61,156
1502.5,1500,3,220,2257,656,78,145
1507.5,1505,4,264,2291,672,62,131
1512.5,1510,3,219,2124,703,74,119
1517.5,1515,2,214,2040,747,70,113
1522.5,1520,1,248,1841,783,56,96
1527.5,1525,0,220,1806,817,80,114
1532.5,1530,1,253,1769,880,83,82
1537.5,1535,0,222,1647,907,60,93
1542.5,1540,0,195,1558,912,72,93
1547.5,1545,0,210,1497,955,86,90
1552.5,1550,0,193,1493,936,80,84
1557.5,1555,0,157,1441,1048,66,71
1562.5,1560,0,190,1418,1115,64,62
1567.5,1565,0,184,1377,1066,58,68
1572.5,1570,0,151,1299,1153,71,63
1577.5,1575,0,162,1333,1215,81,67
1582.5,1580,0,156,1279,1179,77,56
1587.5,1585,0,125,1180,1187,73,56
1592.5,1590,0,146,1282,1222,74,54
1597.5,1595,0,106,1162,1148,68,60
1602.5,1600,0,128,1155,1221,88,57
1607.5,1605,0,146,1079,1149,101,55
1612.5,1610,0,160,1015,1101,89,45
1617.5,1615,0,123,918,1116,84,47
1622.5,1620,0,125,852,1091,89,48
1627.5,1625,0,124,693,1151,98,57
1632.5,1630,0,130,632,1114,98,47
1637.5,1635,0,115,569,1071,100,44
1642.5,1640,0,111,532,1120,88,41
1647.5,1645,0,87,473,1177,110,43
1652.5,1650,0,62,373,1179,102,48
1657.5,1655,0,58,357,1184,110,44
1662.5,1660,0,53,348,1194,125,44
1667.5,1665,0,36,326,1169,124,38
1672.5,1670,0,23,281,1203,131,34
1677.5,1675,0,26,259,1215,125,46
1682.5,1680,0,14,264,1251,152,28
1687.5,1685,0,16,243,1202,114,38
1692.5,1690,0,9,235,1291,141,36
1697.5,1695,0,5,196,1308,160,38
1702.5,1700,0,9,209,1383,166,30
1707.5,1705,0,12,195,1389,184,29
1712.5,1710,0,9,167,1415,180,34
1717.5,1715,0,6,153,1347,179,23
1722.5,1720,0,10,157,1362,182,32
1727.5,1725,0,8,172,1443,200,45
1732.5,1730,0,13,167,1476,199,33
1737.5,1735,0,9,145,1473,224,25
1742.5,1740,0,6,160,1501,217,28
1747.5,1745,0,7,151,1501,216,35
1752.5,1750,0,7,151,1467,238,32
1757.5,1755,0,4,149,1456,244,40
1762.5,1760,0,13,147,1490,257,36
1767.5,1765,0,14,142,1497,267,26
1772.5,1770,0,7,139,1409,284,43
1777.5,1775,0,7,129,1374,276,38
1782.5,1780,0,2,154,1308,304,24
1787.5,1785,0,4,130,1384,303,31
1792.5,1790,0,5,147,1278,306,41
1797.5,1795,0,10,141,1262,308,37
1802.5,1800,0,4,151,1229,330,26
1807.5,1805,0,1,128,1212,356,43
1812.5,1810,0,6,133,1159,364,38
1817.5,1815,0,5,152,1174,343,27
1822.5,1820,0,5,133,1103,375,27
1827.5,1825,0,5,127,1143,389,38
1832.5,1830,0,4,136,1132,356,32
1837.5,1835,0,4,145,1071,395,43
1842.5,1840,0,3,111,1113,370,33
1847.5,1845,0,3,102,1025,373,35
1852.5,1850,0,1,102,1070,397,41
1857.5,1855,0,0,120,1015,397,41
1862.5,1860,0,1,93,942,407,37
1867.5,1865,0,1,111,906,410,39
1872.5,1870,0,0,112,833,430,51
1877.5,1875,0,0,90,814,454,44
1882.5,1880,0,0,116,833,403,48
1887.5,1885,0,0,113,755,449,37
1892.5,1890,0,0,97,761,443,31
1897.5,1895,0,0,104,756,427,37
1902.5,1900,0,0,102,716,458,35
1907.5,1905,0,0,111,739,479,43
1912.5,1910,0,0,94,713,503,28
1917.5,1915,0,0,122,671,507,49
1922.5,1920,0,0,108,725,526,26
1927.5,1925,0,0,109,667,593,27
1932.5,1930,0,0,95,733,599,35
1937.5,1935,0,0,106,654,578,28
1942.5,1940,0,0,94,683,557,38
1947.5,1945,0,0,105,693,632,37
1952.5,1950,0,0,94,679,666,51
1957.5,1955,0,0,78,696,618,34
1962.5,1960,0,0,84,683,574,39
1967.5,1965,0,0,73,730,598,40
1972.5,1970,0,0,76,645,659,42
1977.5,1975,0,0,66,720,629,44
1982.5,1980,0,0,74,692,607,42
1987.5,1985,0,0,65,688,604,43
1992.5,1990,0,0,77,698,596,45
1997.5,1995,0,0,74,610,680,39
2002.5,2000,0,0,77,632,584,34
2007.5,2005,0,0,70,625,581,37
2012.5,2010,0,0,77,605,553,52
2017.5,2015,0,0,79,582,538,37
2022.5,2020,0,0,73,555,582,48
2027.5,2025,0,0,67,544,564,37
2032.5,2030,0,0,73,551,579,43
2037.5,2035,0,0,51,521,554,43
2042.5,2040,0,0,80,505,514,61
2047.5,2045,0,0,63,460,526,39
2052.5,2050,0,0,79,390,564,44
2057.5,2055,0,0,80,384,559,52
2062.5,2060,0,0,75,362,562,58
2067.5,2065,0,0,69,318,618,53
2072.5,2070,0,0,78,330,579,33
2077.5,2075,0,0,67,306,559,37
2082.5,2080,0,0,63,265,570,50
2087.5,2085,0,0,84,271,552,46
2092.5,2090,0,0,55,263,577,49
2097.5,2095,0,0,76,227,589,51
2102.5,2100,0,0,53,204,581,62
2107.5,2105,0,0,47,218,592,65
2112.5,2110,0,0,61,196,591,62
2117.5,2115,0,0,44,172,588,52
2122.5,2120,0,0,26,177,592,65
2127.5,2125,0,0,29,180,629,64
2132.5,2130,0,0,31,160,578,63
2137.5,2135,0,0,23,153,620,61
2142.5,2140,0,0,22,152,581,55
2147.5,2145,0,0,14,167,593,65
2152.5,2150,0,0,11,145,615,63
2157.5,2155,0,0,9,157,623,81
2162.5,2160,0,0,7,125,652,77
2167.5,2165,0,0,9,124,623,69
2172.5,2170,0,0,2,129,633,66
2177.5,2175,0,0,2,131,645,74
2182.5,2180,0,0,4,134,661,71
2187.5,2185,0,0,8,115,667,70
2192.5,2190,0,0,3,123,642,74
2197.5,2195,0,0,6,109,726,73
2202.5,2200,0,0,5,99,692,89
2207.5,2205,0,0,4,115,708,76
2212.5,2210,0,0,3,100,686,96
2217.5,2215,0,0,3,84,688,82
2222.5,2220,0,0,5,84,715,92
2227.5,2225,0,0,8,88,673,83
2232.5,2230,0,0,4,87,683,107
2237.5,2235,0,0,8,89,686,114
2242.5,2240,0,0,5,90,737,118
2247.5,2245,0,0,4,84,717,114
2252.5,2250,0,0,4,91,708,96
2257.5,2255,0,0,7,74,676,107
2262.5,2260,0,0,7,86,728,112
2267.5,2265,0,0,2,76,706,117
2272.5,2270,0,0,4,81,697,126
2277.5,2275,0,0,2,57,773,125
2282.5,2280,0,0,4,85,717,115
2287.5,2285,0,0,4,82,773,117
2292.5,2290,0,0,4,69,746,116
2297.5,2295,0,0,4,80,709,121
2302.5,2300,0,0,3,70,804,116
2307.5,2305,0,0,3,99,766,119
2312.5,2310,0,0,4,66,715,141
2317.5,2315,0,0,7,74,815,119
2322.5,2320,0,0,5,84,775,135
2327.5,2325,0,0,6,71,713,124
2332.5,2330,0,0,3,74,751,122
2337.5,2335,0,0,5,79,726,158
2342.5,2340,0,0,3,78,795,120
2347.5,2345,0,0,3,70,771,137
2352.5,2350,0,0,3,81,733,150
2357.5,2355,0,0,2,74,736,147
2362.5,2360,0,0,2,63,672,157
2367.5,2365,0,0,2,75,684,162
2372.5,2370,0,0,4,72,683,170
2377.5,2375,0,0,2,75,634,175
2382.5,2380,0,0,4,68,679,154
2387.5,2385,0,0,3,60,622,155
2392.5,2390,0,0,1,82,617,175
2397.5,2395,0,0,2,70,585,163
2402.5,2400,0,0,1,62,588,192
2407.5,2405,0,0,5,77,587,188
2412.5,2410,0,0,3,75,570,177
2417.5,2415,0,0,3,63,568,169
2422.5,2420,0,0,1,78,608,166
2427.5,2425,0,0,2,64,565,198
2432.5,2430,0,0,4,56,587,185
2437.5,2435,0,0,3,77,578,210
2442.5,2440,0,0,5,69,586,187
2447.5,2445,0,0,2,66,569,178
2452.5,2450,0,0,0,73,582,188
2457.5,2455,0,0,4,65,608,183
2462.5,2460,0,0,3,70,596,208
2467.5,2465,0,0,1,66,577,165
2472.5,2470,0,0,2,63,574,200
2477.5,2475,0,0,3,61,576,209
2482.5,2480,0,0,5,65,556,195
2487.5,2485,0,0,3,55,580,191
2492.5,2490,0,0,1,65,518,186
2497.5,2495,0,0,1,61,504,196
2502.5,2500,0,0,3,58,544,199
2507.5,2505,0,0,1,62,461,216
2512.5,2510,0,0,1,60,442,193
2517.5,2515,0,0,0,65,433,209
2522.5,2520,0,0,0,48,499,202
2527.5,2525,0,0,0,56,495,224
2532.5,2530,0,0,1,52,421,195
2537.5,2535,0,0,0,55,468,222
2542.5,2540,0,0,1,53,418,208
2547.5,2545,0,0,1,66,412,219
2552.5,2550,0,0,0,49,451,207
2557.5,2555,0,0,0,49,428,224
2562.5,2560,0,0,0,53,404,191
2567.5,2565,0,0,0,47,380,226
2572.5,2570,0,0,0,72,381,242
2577.5,2575,0,0,0,52,375,243
2582.5,2580,0,0,0,48,388,222
2587.5,2585,0,0,0,61,339,220
2592.5,2590,0,0,0,55,367,255
2597.5,2595,0,0,0,66,376,253
2602.5,2600,0,0,0,57,345,230
2607.5,2605,0,0,0,53,337,242
2612.5,2610,0,0,0,39,358,275
2617.5,2615,0,0,0,57,390,244
2622.5,2620,0,0,0,52,370,244
2627.5,2625,0,0,0,48,392,286
2632.5,2630,0,0,0,60,341,253
2637.5,2635,0,0,0,51,335,280
2642.5,2640,0,0,0,40,319,287
2647.5,2645,0,0,0,56,381,299
2652.5,2650,0,0,0,61,331,276
2657.5,2655,0,0,0,48,360,284
2662.5,2660,0,0,0,49,368,324
2667.5,2665,0,0,0,59,366,321
2672.5,2670,0,0,0,47,330,338
2677.5,2675,0,0,0,43,356,317
2682.5,2680,0,0,0,51,362,295
2687.5,2685,0,0,0,55,337,349
2692.5,2690,0,0,0,59,351,329
2697.5,2695,0,0,0,58,318,345
2702.5,2700,0,0,0,39,353,314
2707.5,2705,0,0,0,31,351,298
2712.5,2710,0,0,0,46,390,343
2717.5,2715,0,0,0,42,366,331
2722.5,2720,0,0,0,45,354,324
2727.5,2725,0,0,0,50,385,348
2732.5,2730,0,0,0,50,353,324
2737.5,2735,0,0,0,38,337,315
2742.5,2740,0,0,0,37,363,310
2747.5,2745,0,0,0,51,386,353
2752.5,2750,0,0,0,38,366,330
2757.5,2755,0,0,0,35,340,292
2762.5,2760,0,0,0,41,344,329
2767.5,2765,0,0,0,50,354,297
2772.5,2770,0,0,0,29,355,309
2777.5,2775,0,0,0,45,386,347
2782.5,2780,0,0,0,38,358,306
2787.5,2785,0,0,0,35,356,305
2792.5,2790,0,0,0,47,334,326
2797.5,2795,0,0,0,33,361,295
2802.5,2800,0,0,0,40,297,331
2807.5,2805,0,0,0,35,344,278
2812.5,2810,0,0,0,27,332,278
2817.5,2815,0,0,0,37,285,267
2822.5,2820,0,0,0,41,314,303
2827.5,2825,0,0,0,40,258,287
2832.5,2830,0,0,0,34,299,283
2837.5,2835,0,0,0,34,307,253
2842.5,2840,0,0,0,37,273,256
2847.5,2845,0,0,0,36,266,254
2852.5,2850,0,0,0,38,275,277
2857.5,2855,0,0,0,36,259,287
2862.5,2860,0,0,0,40,261,271
2867.5,2865,0,0,0,42,246,263
2872.5,2870,0,0,0,36,254,270
2877.5,2875,0,0,0,38,235,272
2882.5,2880,0,0,0,28,214,269
2887.5,2885,0,0,0,33,222,272
2892.5,2890,0,0,0,33,192,299
2897.5,2895,0,0,0,35,200,269
2902.5,2900,0,0,0,23,201,299
2907.5,2905,0,0,0,37,183,272
2912.5,2910,0,0,0,46,159,270
2917.5,2915,0,0,0,37,166,313
2922.5,2920,0,0,0,35,155,295
2927.5,2925,0,0,0,40,164,283
2932.5,2930,0,0,0,37,126,265
2937.5,2935,0,0,0,34,163,285
2942.5,2940,0,0,0,34,139,285
2947.5,2945,0,0,0,39,145,275
2952.5,2950,0,0,0,32,120,339
2957.5,2955,0,0,0,52,132,328
2962.5,2960,0,0,0,53,139,293
2967.5,2965,0,0,0,41,126,321
2972.5,2970,0,0,0,32,121,320
2977.5,2975,0,0,0,48,114,266
2982.5,2980,0,0,0,43,113,329
2987.5,2985,0,0,0,49,117,279
2992.5,2990,0,0,0,37,111,333
2997.5,2995,0,0,0,41,107,310
3002.5,3000,0,0,0,36,96,300
3007.5,3005,0,0,0,45,100,305
3012.5,3010,0,0,0,37,76,310
3017.5,3015,0,0,0,36,98,342
3022.5,3020,0,0,0,26,78,311
3027.5,3025,0,0,0,19,90,323
3032.5,3030,0,0,0,29,68,285
3037.5,3035,0,0,0,17,95,298
3042.5,3040,0,0,0,22,64,303
3047.5,3045,0,0,0,31,90,300
3052.5,3050,0,0,0,14,60,315
3057.5,3055,0,0,0,15,70,327
3062.5,3060,0,0,0,16,59,298
3067.5,3065,0,0,0,15,75,286
3072.5,3070,0,0,0,11,88,289
3077.5,3075,0,0,0,7,81,285
3082.5,3080,0,0,0,6,78,305
3087.5,3085,0,0,0,4,67,300
3092.5,3090,0,0,0,4,71,320
3097.5,3095,0,0,0,4,69,319
3102.5,3100,0,0,0,2,78,334
3107.5,3105,0,0,0,4,79,343
3112.5,3110,0,0,0,3,63,378
3117.5,3115,0,0,0,5,64,319
3122.5,3120,0,0,0,3,69,317
3127.5,3125,0,0,0,5,79,288
3132.5,3130,0,0,0,2,62,353
3137.5,3135,0,0,0,2,58,320
3142.5,3140,0,0,0,1,50,354
3147.5,3145,0,0,0,2,61,356
3152.5,3150,0,0,0,4,59,370
3157.5,3155,0,0,0,2,47,329
3162.5,3160,0,0,0,0,49,371
3167.5,3165,0,0,0,2,49,363
3172.5,3170,0,0,0,4,67,354
3177.5,3175,0,0,0,3,66,305
3182.5,3180,0,0,0,1,62,341
3187.5,3185,0,0,0,0,57,362
3192.5,3190,0,0,0,4,59,349
3197.5,3195,0,0,0,3,43,384
3202.5,3200,0,0,0,2,48,367
3207.5,3205,0,0,0,4,59,425
3212.5,3210,0,0,0,0,68,356
3217.5,3215,0,0,0,2,63,366
3222.5,3220,0,0,0,2,48,357
3227.5,3225,0,0,0,5,51,326
3232.5,3230,0,0,0,5,57,370
3237.5,3235,0,0,0,3,48,348
3242.5,3240,0,0,0,1,51,345
3247.5,3245,0,0,0,3,39,390
3252.5,3250,0,0,0,4,40,356
3257.5,3255,0,0,0,3,43,364
3262.5,3260,0,0,0,0,47,392
3267.5,3265,0,0,0,3,46,388
3272.5,3270,0,0,0,3,45,334
3277.5,3275,0,0,0,3,45,391
3282.5,3280,0,0,0,1,44,387
3287.5,3285,0,0,0,3,48,360
3292.5,3290,0,0,0,3,34,365
3297.5,3295,0,0,0,1,41,309
3302.5,3300,0,0,0,2,32,367
3307.5,3305,0,0,0,2,32,373
3312.5,3310,0,0,0,2,53,360
3317.5,3315,0,0,0,1,39,362
3322.5,3320,0,0,0,1,39,396
3327.5,3325,0,0,0,0,50,363
3332.5,3330,0,0,0,2,48,395
3337.5,3335,0,0,0,2,41,378
3342.5,3340,0,0,0,7,44,394
3347.5,3345,0,0,0,2,40,357
3352.5,3350,0,0,0,3,37,411
3357.5,3355,0,0,0,2,37,399
3362.5,3360,0,0,0,2,46,407
3367.5,3365,0,0,0,2,42,380
3372.5,3370,0,0,0,4,29,396
3377.5,3375,0,0,0,0,41,368
3382.5,3380,0,0,0,3,34,384
3387.5,3385,0,0,0,1,40,446
3392.5,3390,0,0,0,2,37,363
3397.5,3395,0,0,0,3,37,405
3402.5,3400,0,0,0,3,39,409
3407.5,3405,0,0,0,1,43,419
3412.5,3410,0,0,0,1,39,450
3417.5,3415,0,0,0,1,55,417
3422.5,3420,0,0,0,4,40,395
3427.5,3425,0,0,0,1,42,400
3432.5,3430,0,0,0,1,38,415
3437.5,3435,0,0,0,1,42,396
3442.5,3440,0,0,0,1,41,385
3447.5,3445,0,0,0,2,23,418
3452.5,3450,0,0,0,3,31,429
3457.5,3455,0,0,0,2,40,402
3462.5,3460,0,0,0,0,35,412
3467.5,3465,0,0,0,0,43,401
3472.5,3470,0,0,0,3,27,407
3477.5,3475,0,0,0,1,45,380
3482.5,3480,0,0,0,2,41,366
3487.5,3485,0,0,0,1,30,389
3492.5,3490,0,0,0,1,47,367
3497.5,3495,0,0,0,2,37,378
3502.5,3500,0,0,0,3,42,352
3507.5,3505,0,0,0,1,44,313
3512.5,3510,0,0,0,1,41,332
3517.5,3515,0,0,0,4,47,334
3522.5,3520,0,0,0,4,45,303
3527.5,3525,0,0,0,1,39,316
3532.5,3530,0,0,0,0,37,301
3537.5,3535,0,0,0,1,35,309
3542.5,3540,0,0,0,2,40,301
3547.5,3545,0,0,0,1,44,323
3552.5,3550,0,0,0,4,41,295
3557.5,3555,0,0,0,2,42,302
3562.5,3560,0,0,0,3,36,300
3567.5,3565,0,0,0,1,28,282
3572.5,3570,0,0,0,0,42,290
3577.5,3575,0,0,0,1,37,327
3582.5,3580,0,0,0,2,39,344
3587.5,3585,0,0,0,1,37,305
3592.5,3590,0,0,0,1,45,320
3597.5,3595,0,0,0,2,49,288
3602.5,3600,0,0,0,3,38,300
3607.5,3605,0,0,0,0,43,306
3612.5,3610,0,0,0,1,28,287
3617.5,3615,0,0,0,1,36,288
3622.5,3620,0,0,0,0,27,332
3627.5,3625,0,0,0,3,30,323
3632.5,3630,0,0,0,1,40,310
3637.5,3635,0,0,0,2,34,322
3642.5,3640,0,0,0,1,41,337
3647.5,3645,0,0,0,1,38,344
3652.5,3650,0,0,0,1,32,330
3657.5,3655,0,0,0,1,36,338
3662.5,3660,0,0,0,4,42,313
3667.5,3665,0,0,0,0,37,303
3672.5,3670,0,0,0,1,36,327
3677.5,3675,0,0,0,2,34,337
3682.5,3680,0,0,0,4,28,290
3687.5,3685,0,0,0,2,44,294
3692.5,3690,0,0,0,4,40,326
3697.5,3695,0,0,0,3,51,316
3702.5,3700,0,0,0,1,40,284
3707.5,3705,0,0,0,3,35,301
3712.5,3710,0,0,0,2,37,307
3717.5,3715,0,0,0,1,41,317
3722.5,3720,0,0,0,2,35,298
3727.5,3725,0,0,0,0,35,312
3732.5,3730,0,0,0,0,31,319
3737.5,3735,0,0,0,1,34,304
3742.5,3740,0,0,0,0,32,293
3747.5,3745,0,0,0,1,33,295
3752.5,3750,0,0,0,0,24,299
3757.5,3755,0,0,0,1,36,300
3762.5,3760,0,0,0,0,48,277
3767.5,3765,0,0,0,0,38,292
3772.5,3770,0,0,0,0,35,263
3777.5,3775,0,0,0,1,38,289
3782.5,3780,0,0,0,1,31,241
3787.5,3785,0,0,0,1,38,265
3792.5,3790,0,0,0,0,44,277
3797.5,3795,0,0,0,0,33,268
3802.5,3800,0,0,0,0,30,245
3807.5,3805,0,0,0,0,31,247
3812.5,3810,0,0,0,0,44,256
3817.5,3815,0,0,0,0,29,260
3822.5,3820,0,0,0,0,29,248
3827.5,3825,0,0,0,0,38,257
3832.5,3830,0,0,0,0,45,254
3837.5,3835,0,0,0,0,39,258
3842.5,3840,0,0,0,0,38,271
3847.5,3845,0,0,0,0,40,249
3852.5,3850,0,0,0,0,34,280
3857.5,3855,0,0,0,0,43,267
3862.5,3860,0,0,0,0,31,237
3867.5,3865,0,0,0,0,39,276
3872.5,3870,0,0,0,0,43,276
3877.5,3875,0,0,0,0,36,261
3882.5,3880,0,0,0,0,33,261
3887.5,3885,0,0,0,0,37,271
3892.5,3890,0,0,0,0,63,283
3897.5,3895,0,0,0,0,43,274
3902.5,3900,0,0,0,0,42,321
3907.5,3905,0,0,0,0,50,286
3912.5,3910,0,0,0,0,56,313
3917.5,3915,0,0,0,0,47,271
3922.5,3920,0,0,0,0,37,316
3927.5,3925,0,0,0,0,44,314
3932.5,3930,0,0,0,0,42,319
3937.5,3935,0,0,0,0,49,326
3942.5,3940,0,0,0,0,60,307
3947.5,3945,0,0,0,0,56,354
3952.5,3950,0,0,0,0,40,365
3957.5,3955,0,0,0,0,65,345
3962.5,3960,0,0,0,0,57,332
3967.5,3965,0,0,0,0,48,366
3972.5,3970,0,0,0,0,54,382
3977.5,3975,0,0,0,0,61,374
3982.5,3980,0,0,0,0,51,378
3987.5,3985,0,0,0,0,51,373
3992.5,3990,0,0,0,0,64,385
3997.5,3995,0,0,0,0,62,400
4002.5,4000,0,0,0,0,57,376
4007.5,4005,0,0,0,0,66,435
4012.5,4010,0,0,0,0,56,408
4017.5,4015,0,0,0,0,48,415
4022.5,4020,0,0,0,0,57,424
4027.5,4025,0,0,0,0,74,413
4032.5,4030,0,0,0,0,54,421
4037.5,4035,0,0,0,0,54,438
4042.5,4040,0,0,0,0,52,455
4047.5,4045,0,0,0,0,54,422
4052.5,4050,0,0,0,0,64,421
4057.5,4055,0,0,0,0,72,429
4062.5,4060,0,0,0,0,64,461
4067.5,4065,0,0,0,0,74,433
4072.5,4070,0,0,0,0,61,506
4077.5,4075,0,0,0,0,59,422
4082.5,4080,0,0,0,0,82,457
4087.5,4085,0,0,0,0,68,415
4092.5,4090,0,0,0,0,58,442
4097.5,4095,0,0,0,0,61,478
4102.5,4100,0,0,0,0,75,405
4107.5,4105,0,0,0,0,63,443
4112.5,4110,0,0,0,0,63,423
4117.5,4115,0,0,0,0,63,419
4122.5,4120,0,0,0,0,59,432
4127.5,4125,0,0,0,0,65,391
4132.5,4130,0,0,0,0,67,409
4137.5,4135,0,0,0,0,60,399
4142.5,4140,0,0,0,0,57,411
4147.5,4145,0,0,0,0,56,379
4152.5,4150,0,0,0,0,40,388
4157.5,4155,0,0,0,0,49,359
4162.5,4160,0,0,0,0,59,376
4167.5,4165,0,0,0,0,60,344
4172.5,4170,0,0,0,0,50,350
4177.5,4175,0,0,0,0,52,364
4182.5,4180,0,0,0,0,43,381
4187.5,4185,0,0,0,0,47,358
4192.5,4190,0,0,0,0,35,307
4197.5,4195,0,0,0,0,43,360
4202.5,4200,0,0,0,0,44,317
4207.5,4205,0,0,0,0,43,322
4212.5,4210,0,0,0,0,29,319
4217.5,4215,0,0,0,0,38,267
4222.5,4220,0,0,0,0,30,288
4227.5,4225,0,0,0,0,43,288
4232.5,4230,0,0,0,0,35,247
4237.5,4235,0,0,0,0,18,254
4242.5,4240,0,0,0,0,25,289
4247.5,4245,0,0,0,0,17,268
4252.5,4250,0,0,0,0,20,261
4257.5,4255,0,0,0,0,17,274
4262.5,4260,0,0,0,0,21,259
4267.5,4265,0,0,0,0,25,235
4272.5,4270,0,0,0,0,18,241
4277.5,4275,0,0,0,0,16,245
4282.5,4280,0,0,0,0,15,224
4287.5,4285,0,0,0,0,14,232
4292.5,4290,0,0,0,0,9,239
4297.5,4295,0,0,0,0,20,221
4302.5,4300,0,0,0,0,14,227
4307.5,4305,0,0,0,0,11,226
4312.5,4310,0,0,0,0,16,212
4317.5,4315,0,0,0,0,10,240
4322.5,4320,0,0,0,0,10,213
4327.5,4325,0,0,0,0,9,211
4332.5,4330,0,0,0,0,8,215
4337.5,4335,0,0,0,0,8,174
4342.5,4340,0,0,0,0,6,192
4347.5,4345,0,0,0,0,7,194
4352.5,4350,0,0,0,0,3,193
4357.5,4355,0,0,0,0,7,160
4362.5,4360,0,0,0,0,9,172
4367.5,4365,0,0,0,0,3,167
4372.5,4370,0,0,0,0,9,158
4377.5,4375,0,0,0,0,7,165
4382.5,4380,0,0,0,0,6,158
4387.5,4385,0,0,0,0,5,134
4392.5,4390,0,0,0,0,3,150
4397.5,4395,0,0,0,0,4,126
4402.5,4400,0,0,0,0,4,115
4407.5,4405,0,0,0,0,1,127
4412.5,4410,0,0,0,0,4,104
4417.5,4415,0,0,0,0,0,108
4422.5,4420,0,0,0,0,3,114
4427.5,4425,0,0,0,0,2,102
4432.5,4430,0,0,0,0,0,113
4437.5,4435,0,0,0,0,2,99
4442.5,4440,0,0,0,0,2,86
4447.5,4445,0,0,0,0,0,77
4452.5,4450,0,0,0,0,0,86
4457.5,4455,0,0,0,0,1,81
4462.5,4460,0,0,0,0,0,79
4467.5,4465,0,0,0,0,2,82
4472.5,4470,0,0,0,0,0,60
4477.5,4475,0,0,0,0,1,73
4482.5,4480,0,0,0,0,1,56
4487.5,4485,0,0,0,0,0,53
4492.5,4490,0,0,0,0,2,58
4497.5,4495,0,0,0,0,0,57
4502.5,4500,0,0,0,0,0,47
4507.5,4505,0,0,0,0,1,48
4512.5,4510,0,0,0,0,1,33
4517.5,4515,0,0,0,0,1,33
4522.5,4520,0,0,0,0,0,45
4527.5,4525,0,0,0,0,0,38
4532.5,4530,0,0,0,0,0,28
4537.5,4535,0,0,0,0,1,21
4542.5,4540,0,0,0,0,0,27
4547.5,4545,0,0,0,0,0,18
4552.5,4550,0,0,0,0,0,27
4557.5,4555,0,0,0,0,0,23
4562.5,4560,0,0,0,0,0,22
4567.5,4565,0,0,0,0,0,20
4572.5,4570,0,0,0,0,1,16
4577.5,4575,0,0,0,0,0,15
4582.5,4580,0,0,0,0,0,17
4587.5,4585,0,0,0,0,0,13
4592.5,4590,0,0,0,0,0,15
4597.5,4595,0,0,0,0,0,10
4602.5,4600,0,0,0,0,0,10
4607.5,4605,0,0,0,0,0,14
4612.5,4610,0,0,0,0,0,12
4617.5,4615,0,0,0,0,0,12
4622.5,4620,0,0,0,0,0,6
4627.5,4625,0,0,0,0,1,7
4632.5,4630,0,0,0,0,0,8
4637.5,4635,0,0,0,0,0,7
4642.5,4640,0,0,0,0,0,11
4647.5,4645,0,0,0,0,0,9
4652.5,4650,0,0,0,0,0,6
4657.5,4655,0,0,0,0,0,7
4662.5,4660,0,0,0,0,0,7
4667.5,4665,0,0,0,0,0,3
4672.5,4670,0,0,0,0,0,2
4677.5,4675,0,0,0,0,0,7
4682.5,4680,0,0,0,0,0,3
4687.5,4685,0,0,0,0,0,2
4692.5,4690,0,0,0,0,0,8
4697.5,4695,0,0,0,0,0,3
4702.5,4700,0,0,0,0,0,1
4707.5,4705,0,0,0,0,0,3
4712.5,4710,0,0,0,0,0,2
4717.5,4715,0,0,0,0,0,1
4722.5,4720,0,0,0,0,0,1
4727.5,4725,0,0,0,0,0,4
4732.5,4730,0,0,0,0,0,2
4737.5,4735,0,0,0,0,0,0
4742.5,4740,0,0,0,0,0,0
4747.5,4745,0,0,0,0,0,1
4752.5,4750,0,0,0,0,0,0
4757.5,4755,0,0,0,0,0,3
4762.5,4760,0,0,0,0,0,0
4767.5,4765,0,0,0,0,0,0
4772.5,4770,0,0,0,0,0,0
4777.5,4775,0,0,0,0,0,2
4782.5,4780,0,0,0,0,0,1
4787.5,4785,0,0,0,0,0,0
4792.5,4790,0,0,0,0,0,1
4797.5,4795,0,0,0,0,0,0
4802.5,4800,0,0,0,0,0,0
4807.5,4805,0,0,0,0,0,0
4812.5,4810,0,0,0,0,0,0
4817.5,4815,0,0,0,0,0,1
4822.5,4820,0,0,0,0,0,1
4827.5,4825,0,0,0,0,0,1
4832.5,4830,0,0,0,0,0,0
4837.5,4835,0,0,0,0,0,1
4842.5,4840,0,0,0,0,0,0
4847.5,4845,0,0,0,0,0,0
4852.5,4850,0,0,0,0,0,0
4857.5,4855,0,0,0,0,0,0
4862.5,4860,0,0,0,0,1,1
4867.5,4865,0,0,0,0,0,1
4872.5,4870,0,0,0,0,0,0
4877.5,4875,0,0,0,0,0,1
4882.5,4880,0,0,0,0,0,0
4887.5,4885,0,0,0,0,0,0
4892.5,4890,0,0,0,0,0,0
4897.5,4895,0,0,0,0,0,1
4902.5,4900,0,0,0,0,0,1
4907.5,4905,0,0,0,0,0,0
4912.5,4910,0,0,0,0,0,0
4917.5,4915,0,0,0,0,0,0
4922.5,4920,0,0,0,0,0,0
4927.5,4925,0,0,0,0,0,0
4932.5,4930,0,0,0,0,0,0
4937.5,4935,0,0,0,0,0,0
4942.5,4940,0,0,0,0,0,0
4947.5,4945,0,0,0,0,0,0
4952.5,4950,0,0,0,0,0,0
4957.5,4955,0,0,0,0,0,0
4962.5,4960,0,0,0,0,0,1
4967.5,4965,0,0,0,0,0,0
4972.5,4970,0,0,0,0,0,0
4977.5,4975,0,0,0,0,0,0
4982.5,4980,0,0,0,0,0,0
4987.5,4985,0,0,0,0,0,0
4992.5,4990,0,0,0,0,0,0
4997.5,4995,0,0,0,0,0,0
